mmwr_week,week_ending,season,weighted_ili_pct,lab_percent_positive,nhsn_flu_admissions,nhsn_admissions_per_100k
201040,2010-10-09,2010-11,1.109,,,
201041,2010-10-16,2010-11,1.243,,,
201042,2010-10-23,2010-11,1.257,,,
201043,2010-10-30,2010-11,1.257,,,
201044,2010-11-06,2010-11,1.434,,,
201045,2010-11-13,2010-11,1.518,,,
201046,2010-11-20,2010-11,1.616,,,
201047,2010-11-27,2010-11,1.844,,,
201048,2010-12-04,2010-11,1.725,,,
201049,2010-12-11,2010-11,1.879,,,
201050,2010-12-18,2010-11,2.337,,,
201051,2010-12-25,2010-11,3.035,,,
201052,2011-01-01,2010-11,3.136,,,
201101,2011-01-08,2010-11,2.533,,,
201102,2011-01-15,2010-11,2.913,,,
201103,2011-01-22,2010-11,3.445,,,
201104,2011-01-29,2010-11,4.162,,,
201105,2011-02-05,2010-11,4.552,,,
201106,2011-02-12,2010-11,4.465,,,
201107,2011-02-19,2010-11,4.551,,,
201108,2011-02-26,2010-11,4.082,,,
201109,2011-03-05,2010-11,3.388,,,
201110,2011-03-12,2010-11,2.991,,,
201111,2011-03-19,2010-11,2.615,,,
201112,2011-03-26,2010-11,2.091,,,
201113,2011-04-02,2010-11,1.861,,,
201114,2011-04-09,2010-11,1.614,,,
201115,2011-04-16,2010-11,1.422,,,
201116,2011-04-23,2010-11,1.338,,,
201117,2011-04-30,2010-11,1.2,,,
201118,2011-05-07,2010-11,1.149,,,
201119,2011-05-14,2010-11,1.122,,,
201120,2011-05-21,2010-11,1.067,,,
201121,2011-05-28,2010-11,1.051,,,
201122,2011-06-04,2010-11,1.152,,,
201123,2011-06-11,2010-11,0.971,,,
201124,2011-06-18,2010-11,0.895,,,
201125,2011-06-25,2010-11,0.844,,,
201126,2011-07-02,2010-11,0.815,,,
201127,2011-07-09,2010-11,0.823,,,
201128,2011-07-16,2010-11,0.675,,,
201129,2011-07-23,2010-11,0.632,,,
201130,2011-07-30,2010-11,0.642,,,
201131,2011-08-06,2010-11,0.53,,,
201132,2011-08-13,2010-11,0.644,,,
201133,2011-08-20,2010-11,0.668,,,
201134,2011-08-27,2010-11,0.706,,,
201135,2011-09-03,2010-11,0.804,,,
201136,2011-09-10,2010-11,0.908,,,
201137,2011-09-17,2010-11,1.006,,,
201138,2011-09-24,2010-11,1.036,,,
201139,2011-10-01,2010-11,1.076,,,
201140,2011-10-08,2011-12,1.161,,,
201141,2011-10-15,2011-12,1.198,,,
201142,2011-10-22,2011-12,1.279,,,
201143,2011-10-29,2011-12,1.292,,,
201144,2011-11-05,2011-12,1.428,,,
201145,2011-11-12,2011-12,1.398,,,
201146,2011-11-19,2011-12,1.458,,,
201147,2011-11-26,2011-12,1.565,,,
201148,2011-12-03,2011-12,1.343,,,
201149,2011-12-10,2011-12,1.481,,,
201150,2011-12-17,2011-12,1.634,,,
201151,2011-12-24,2011-12,1.831,,,
201152,2011-12-31,2011-12,2.105,,,
201201,2012-01-07,2011-12,1.736,,,
201202,2012-01-14,2011-12,1.551,,,
201203,2012-01-21,2011-12,1.629,,,
201204,2012-01-28,2011-12,1.76,,,
201205,2012-02-04,2011-12,1.927,,,
201206,2012-02-11,2011-12,1.92,,,
201207,2012-02-18,2011-12,2.1,,,
201208,2012-02-25,2011-12,2.24,,,
201209,2012-03-03,2011-12,2.219,,,
201210,2012-03-10,2011-12,2.167,,,
201211,2012-03-17,2011-12,2.389,,,
201212,2012-03-24,2011-12,1.965,,,
201213,2012-03-31,2011-12,1.842,,,
201214,2012-04-07,2011-12,1.687,,,
201215,2012-04-14,2011-12,1.531,,,
201216,2012-04-21,2011-12,1.379,,,
201217,2012-04-28,2011-12,1.295,,,
201218,2012-05-05,2011-12,1.395,,,
201219,2012-05-12,2011-12,1.325,,,
201220,2012-05-19,2011-12,1.231,,,
201221,2012-05-26,2011-12,1.23,,,
201222,2012-06-02,2011-12,1.269,,,
201223,2012-06-09,2011-12,1.108,,,
201224,2012-06-16,2011-12,1.096,,,
201225,2012-06-23,2011-12,1.11,,,
201226,2012-06-30,2011-12,1.106,,,
201227,2012-07-07,2011-12,1.108,,,
201228,2012-07-14,2011-12,0.999,,,
201229,2012-07-21,2011-12,0.924,,,
201230,2012-07-28,2011-12,0.949,,,
201231,2012-08-04,2011-12,0.979,,,
201232,2012-08-11,2011-12,0.925,,,
201233,2012-08-18,2011-12,0.848,,,
201234,2012-08-25,2011-12,1.045,,,
201235,2012-09-01,2011-12,1.099,,,
201236,2012-09-08,2011-12,1.221,,,
201237,2012-09-15,2011-12,1.25,,,
201238,2012-09-22,2011-12,1.229,,,
201239,2012-09-29,2011-12,1.294,,,
201240,2012-10-06,2012-13,1.23,,,
201241,2012-10-13,2012-13,1.328,,,
201242,2012-10-20,2012-13,1.34,,,
201243,2012-10-27,2012-13,1.378,,,
201244,2012-11-03,2012-13,1.501,,,
201245,2012-11-10,2012-13,1.652,,,
201246,2012-11-17,2012-13,1.767,,,
201247,2012-11-24,2012-13,2.306,,,
201248,2012-12-01,2012-13,2.163,,,
201249,2012-12-08,2012-13,2.83,,,
201250,2012-12-15,2012-13,3.438,,,
201251,2012-12-22,2012-13,4.306,,,
201252,2012-12-29,2012-13,6.061,,,
201301,2013-01-05,2012-13,4.649,,,
201302,2013-01-12,2012-13,4.326,,,
201303,2013-01-19,2012-13,4.511,,,
201304,2013-01-26,2012-13,4.217,,,
201305,2013-02-02,2012-13,3.79,,,
201306,2013-02-09,2012-13,3.292,,,
201307,2013-02-16,2012-13,3.02,,,
201308,2013-02-23,2012-13,2.715,,,
201309,2013-03-02,2012-13,2.485,,,
201310,2013-03-09,2012-13,2.578,,,
201311,2013-03-16,2012-13,2.392,,,
201312,2013-03-23,2012-13,2.068,,,
201313,2013-03-30,2012-13,1.903,,,
201314,2013-04-06,2012-13,1.659,,,
201315,2013-04-13,2012-13,1.43,,,
201316,2013-04-20,2012-13,1.278,,,
201317,2013-04-27,2012-13,1.19,,,
201318,2013-05-04,2012-13,1.096,,,
201319,2013-05-11,2012-13,1.086,,,
201320,2013-05-18,2012-13,1.073,,,
201321,2013-05-25,2012-13,1.017,,,
201322,2013-06-01,2012-13,1.048,,,
201323,2013-06-08,2012-13,0.92,,,
201324,2013-06-15,2012-13,0.921,,,
201325,2013-06-22,2012-13,0.904,,,
201326,2013-06-29,2012-13,0.831,,,
201327,2013-07-06,2012-13,0.863,,,
201328,2013-07-13,2012-13,0.732,,,
201329,2013-07-20,2012-13,0.725,,,
201330,2013-07-27,2012-13,0.741,,,
201331,2013-08-03,2012-13,0.726,,,
201332,2013-08-10,2012-13,0.756,,,
201333,2013-08-17,2012-13,0.762,,,
201334,2013-08-24,2012-13,0.78,,,
201335,2013-08-31,2012-13,0.899,,,
201336,2013-09-07,2012-13,1,,,
201337,2013-09-14,2012-13,1.056,,,
201338,2013-09-21,2012-13,1.097,,,
201339,2013-09-28,2012-13,1.247,,,
201340,2013-10-05,2013-14,1.157,,,
201341,2013-10-12,2013-14,1.272,,,
201342,2013-10-19,2013-14,1.316,,,
201343,2013-10-26,2013-14,1.374,,,
201344,2013-11-02,2013-14,1.468,,,
201345,2013-11-09,2013-14,1.583,,,
201346,2013-11-16,2013-14,1.603,,,
201347,2013-11-23,2013-14,1.723,,,
201348,2013-11-30,2013-14,2.111,,,
201349,2013-12-07,2013-14,2.171,,,
201350,2013-12-14,2013-14,2.37,,,
201351,2013-12-21,2013-14,3.16,,,
201352,2013-12-28,2013-14,4.591,,,
201401,2014-01-04,2013-14,4.282,,,
201402,2014-01-11,2013-14,3.563,,,
201403,2014-01-18,2013-14,3.364,,,
201404,2014-01-25,2013-14,3.397,,,
201405,2014-02-01,2013-14,3.119,,,
201406,2014-02-08,2013-14,2.836,,,
201407,2014-02-15,2013-14,2.485,,,
201408,2014-02-22,2013-14,2.274,,,
201409,2014-03-01,2013-14,2.072,,,
201410,2014-03-08,2013-14,1.982,,,
201411,2014-03-15,2013-14,1.824,,,
201412,2014-03-22,2013-14,1.82,,,
201413,2014-03-29,2013-14,1.754,,,
201414,2014-04-05,2013-14,1.745,,,
201415,2014-04-12,2013-14,1.672,,,
201416,2014-04-19,2013-14,1.517,,,
201417,2014-04-26,2013-14,1.448,,,
201418,2014-05-03,2013-14,1.29,,,
201419,2014-05-10,2013-14,1.374,,,
201420,2014-05-17,2013-14,1.342,,,
201421,2014-05-24,2013-14,1.346,,,
201422,2014-05-31,2013-14,1.213,,,
201423,2014-06-07,2013-14,1.193,,,
201424,2014-06-14,2013-14,1.141,,,
201425,2014-06-21,2013-14,1.065,,,
201426,2014-06-28,2013-14,1.127,,,
201427,2014-07-05,2013-14,0.947,,,
201428,2014-07-12,2013-14,0.944,,,
201429,2014-07-19,2013-14,0.935,,,
201430,2014-07-26,2013-14,0.817,,,
201431,2014-08-02,2013-14,0.853,,,
201432,2014-08-09,2013-14,0.747,,,
201433,2014-08-16,2013-14,0.761,,,
201434,2014-08-23,2013-14,0.768,,,
201435,2014-08-30,2013-14,0.862,,,
201436,2014-09-06,2013-14,0.985,,,
201437,2014-09-13,2013-14,1.163,,,
201438,2014-09-20,2013-14,1.227,,,
201439,2014-09-27,2013-14,1.207,,,
201440,2014-10-04,2014-15,1.162,,,
201441,2014-10-11,2014-15,1.309,,,
201442,2014-10-18,2014-15,1.371,,,
201443,2014-10-25,2014-15,1.434,,,
201444,2014-11-01,2014-15,1.428,,,
201445,2014-11-08,2014-15,1.616,,,
201446,2014-11-15,2014-15,1.66,,,
201447,2014-11-22,2014-15,2.055,,,
201448,2014-11-29,2014-15,2.535,,,
201449,2014-12-06,2014-15,2.543,,,
201450,2014-12-13,2014-15,3.606,,,
201451,2014-12-20,2014-15,4.91,,,
201452,2014-12-27,2014-15,5.982,,,
201453,2015-01-03,2014-15,5.474,,,
201501,2015-01-10,2014-15,4.214,,,
201502,2015-01-17,2014-15,4.21,,,
201503,2015-01-24,2014-15,4.26,,,
201504,2015-01-31,2014-15,3.978,,,
201505,2015-02-07,2014-15,3.634,,,
201506,2015-02-14,2014-15,3.265,,,
201507,2015-02-21,2014-15,2.931,,,
201508,2015-02-28,2014-15,2.545,,,
201509,2015-03-07,2014-15,2.472,,,
201510,2015-03-14,2014-15,2.357,,,
201511,2015-03-21,2014-15,2.17,,,
201512,2015-03-28,2014-15,2.043,,,
201513,2015-04-04,2014-15,1.954,,,
201514,2015-04-11,2014-15,1.723,,,
201515,2015-04-18,2014-15,1.537,,,
201516,2015-04-25,2014-15,1.383,,,
201517,2015-05-02,2014-15,1.463,,,
201518,2015-05-09,2014-15,1.389,,,
201519,2015-05-16,2014-15,1.347,,,
201520,2015-05-23,2014-15,1.255,,,
201521,2015-05-30,2014-15,1.216,,,
201522,2015-06-06,2014-15,1.167,,,
201523,2015-06-13,2014-15,1.047,,,
201524,2015-06-20,2014-15,0.944,,,
201525,2015-06-27,2014-15,0.935,,,
201526,2015-07-04,2014-15,0.935,,,
201527,2015-07-11,2014-15,0.864,,,
201528,2015-07-18,2014-15,0.807,,,
201529,2015-07-25,2014-15,0.743,,,
201530,2015-08-01,2014-15,0.738,,,
201531,2015-08-08,2014-15,0.743,,,
201532,2015-08-15,2014-15,0.805,,,
201533,2015-08-22,2014-15,0.817,,,
201534,2015-08-29,2014-15,0.815,,,
201535,2015-09-05,2014-15,0.861,,,
201536,2015-09-12,2014-15,0.887,,,
201537,2015-09-19,2014-15,1.008,,,
201538,2015-09-26,2014-15,1.066,,,
201539,2015-10-03,2014-15,1.06,,,
201540,2015-10-10,2015-16,1.226,,,
201541,2015-10-17,2015-16,1.311,,,
201542,2015-10-24,2015-16,1.371,,,
201543,2015-10-31,2015-16,1.392,,,
201544,2015-11-07,2015-16,1.437,,,
201545,2015-11-14,2015-16,1.502,,,
201546,2015-11-21,2015-16,1.598,,,
201547,2015-11-28,2015-16,1.897,,,
201548,2015-12-05,2015-16,1.677,,,
201549,2015-12-12,2015-16,1.783,,,
201550,2015-12-19,2015-16,1.873,,,
201551,2015-12-26,2015-16,2.321,,,
201552,2016-01-02,2015-16,2.41,,,
201601,2016-01-09,2015-16,1.943,,,
201602,2016-01-16,2015-16,1.998,,,
201603,2016-01-23,2015-16,2.118,,,
201604,2016-01-30,2015-16,2.251,,,
201605,2016-02-06,2015-16,2.371,,,
201606,2016-02-13,2015-16,2.8,,,
201607,2016-02-20,2015-16,3.165,,,
201608,2016-02-27,2015-16,3.152,,,
201609,2016-03-05,2015-16,3.332,,,
201610,2016-03-12,2015-16,3.56,,,
201611,2016-03-19,2015-16,3.055,,,
201612,2016-03-26,2015-16,2.767,,,
201613,2016-04-02,2015-16,2.442,,,
201614,2016-04-09,2015-16,2.033,,,
201615,2016-04-16,2015-16,1.986,,,
201616,2016-04-23,2015-16,1.915,,,
201617,2016-04-30,2015-16,1.7,,,
201618,2016-05-07,2015-16,1.576,,,
201619,2016-05-14,2015-16,1.394,,,
201620,2016-05-21,2015-16,1.299,,,
201621,2016-05-28,2015-16,1.184,,,
201622,2016-06-04,2015-16,1.137,,,
201623,2016-06-11,2015-16,1.041,,,
201624,2016-06-18,2015-16,0.972,,,
201625,2016-06-25,2015-16,0.863,,,
201626,2016-07-02,2015-16,0.834,,,
201627,2016-07-09,2015-16,0.785,,,
201628,2016-07-16,2015-16,0.734,,,
201629,2016-07-23,2015-16,0.699,,,
201630,2016-07-30,2015-16,0.723,,,
201631,2016-08-06,2015-16,0.664,,,
201632,2016-08-13,2015-16,0.693,,,
201633,2016-08-20,2015-16,0.71,,,
201634,2016-08-27,2015-16,0.834,,,
201635,2016-09-03,2015-16,0.993,,,
201636,2016-09-10,2015-16,1.016,,,
201637,2016-09-17,2015-16,1.072,,,
201638,2016-09-24,2015-16,1.102,,,
201639,2016-10-01,2015-16,1.188,,,
201640,2016-10-08,2016-17,1.198,1.57,,
201641,2016-10-15,2016-17,1.229,1.36,,
201642,2016-10-22,2016-17,1.267,1.4,,
201643,2016-10-29,2016-17,1.362,1.51,,
201644,2016-11-05,2016-17,1.485,1.92,,
201645,2016-11-12,2016-17,1.558,2.2,,
201646,2016-11-19,2016-17,1.646,2.59,,
201647,2016-11-26,2016-17,1.912,3.35,,
201648,2016-12-03,2016-17,1.811,3.32,,
201649,2016-12-10,2016-17,1.917,4.26,,
201650,2016-12-17,2016-17,2.207,6.68,,
201651,2016-12-24,2016-17,2.731,10.81,,
201652,2016-12-31,2016-17,3.362,14,,
201701,2017-01-07,2016-17,3.092,13.34,,
201702,2017-01-14,2016-17,3.076,15.37,,
201703,2017-01-21,2016-17,3.507,18.29,,
201704,2017-01-28,2016-17,3.799,18.53,,
201705,2017-02-04,2016-17,4.436,21.42,,
201706,2017-02-11,2016-17,5.061,24.15,,
201707,2017-02-18,2016-17,4.86,24.51,,
201708,2017-02-25,2016-17,4.578,24.73,,
201709,2017-03-04,2016-17,3.556,19.77,,
201710,2017-03-11,2016-17,3.505,19.27,,
201711,2017-03-18,2016-17,3.214,19.03,,
201712,2017-03-25,2016-17,3.099,20.03,,
201713,2017-04-01,2016-17,2.798,18.48,,
201714,2017-04-08,2016-17,2.386,15.43,,
201715,2017-04-15,2016-17,1.967,12.74,,
201716,2017-04-22,2016-17,1.735,9.7,,
201717,2017-04-29,2016-17,1.564,6.77,,
201718,2017-05-06,2016-17,1.404,5.92,,
201719,2017-05-13,2016-17,1.277,5.33,,
201720,2017-05-20,2016-17,1.282,4.89,,
201721,2017-05-27,2016-17,1.166,4.35,,
201722,2017-06-03,2016-17,1.109,4.17,,
201723,2017-06-10,2016-17,1.044,3.39,,
201724,2017-06-17,2016-17,0.905,3.12,,
201725,2017-06-24,2016-17,0.9,2.65,,
201726,2017-07-01,2016-17,0.86,2.53,,
201727,2017-07-08,2016-17,0.819,2.18,,
201728,2017-07-15,2016-17,0.753,2.16,,
201729,2017-07-22,2016-17,0.737,1.86,,
201730,2017-07-29,2016-17,0.733,1.81,,
201731,2017-08-05,2016-17,0.731,1.95,,
201732,2017-08-12,2016-17,0.688,1.9,,
201733,2017-08-19,2016-17,0.732,1.34,,
201734,2017-08-26,2016-17,0.912,1.43,,
201735,2017-09-02,2016-17,1.021,1.94,,
201736,2017-09-09,2016-17,1.093,1.89,,
201737,2017-09-16,2016-17,1.095,1.9,,
201738,2017-09-23,2016-17,1.097,1.67,,
201739,2017-09-30,2016-17,1.188,1.7,,
201740,2017-10-07,2017-18,1.266,2.2,,
201741,2017-10-14,2017-18,1.305,2.09,,
201742,2017-10-21,2017-18,1.341,2.18,,
201743,2017-10-28,2017-18,1.517,2.58,,
201744,2017-11-04,2017-18,1.746,3.61,,
201745,2017-11-11,2017-18,1.887,4.24,,
201746,2017-11-18,2017-18,2.059,5.3,,
201747,2017-11-25,2017-18,2.28,7.09,,
201748,2017-12-02,2017-18,2.284,7.31,,
201749,2017-12-09,2017-18,2.583,10.75,,
201750,2017-12-16,2017-18,3.366,15.35,,
201751,2017-12-23,2017-18,4.731,22.78,,
201752,2017-12-30,2017-18,5.709,25.39,,
201801,2018-01-06,2017-18,5.747,25.37,,
201802,2018-01-13,2017-18,5.892,26.94,,
201803,2018-01-20,2017-18,6.518,27.03,,
201804,2018-01-27,2017-18,7.163,27.37,,
201805,2018-02-03,2017-18,7.521,27.06,,
201806,2018-02-10,2017-18,7.387,27,,
201807,2018-02-17,2017-18,6.447,26.12,,
201808,2018-02-24,2017-18,4.959,22.62,,
201809,2018-03-03,2017-18,3.686,18.49,,
201810,2018-03-10,2017-18,3.186,15.69,,
201811,2018-03-17,2017-18,2.769,15.58,,
201812,2018-03-24,2017-18,2.487,15.33,,
201813,2018-03-31,2017-18,2.408,15.11,,
201814,2018-04-07,2017-18,2.075,12.69,,
201815,2018-04-14,2017-18,1.779,11.25,,
201816,2018-04-21,2017-18,1.615,9.4,,
201817,2018-04-28,2017-18,1.539,8,,
201818,2018-05-05,2017-18,1.526,6.26,,
201819,2018-05-12,2017-18,1.288,4.39,,
201820,2018-05-19,2017-18,1.183,3.17,,
201821,2018-05-26,2017-18,1.249,2.39,,
201822,2018-06-02,2017-18,1.141,1.53,,
201823,2018-06-09,2017-18,0.988,1.58,,
201824,2018-06-16,2017-18,0.896,1.3,,
201825,2018-06-23,2017-18,0.892,1.02,,
201826,2018-06-30,2017-18,0.877,1.11,,
201827,2018-07-07,2017-18,0.78,1,,
201828,2018-07-14,2017-18,0.725,0.92,,
201829,2018-07-21,2017-18,0.682,1.05,,
201830,2018-07-28,2017-18,0.64,1,,
201831,2018-08-04,2017-18,0.639,0.95,,
201832,2018-08-11,2017-18,0.706,0.96,,
201833,2018-08-18,2017-18,0.708,0.76,,
201834,2018-08-25,2017-18,0.823,1.34,,
201835,2018-09-01,2017-18,0.86,1.5,,
201836,2018-09-08,2017-18,1.101,1.75,,
201837,2018-09-15,2017-18,1.153,1.69,,
201838,2018-09-22,2017-18,1.202,1.7,,
201839,2018-09-29,2017-18,1.25,1.5,,
201840,2018-10-06,2018-19,1.419,1.75,,
201841,2018-10-13,2018-19,1.401,1.7,,
201842,2018-10-20,2018-19,1.471,1.99,,
201843,2018-10-27,2018-19,1.636,2.06,,
201844,2018-11-03,2018-19,1.791,2.17,,
201845,2018-11-10,2018-19,1.869,2.73,,
201846,2018-11-17,2018-19,1.981,3.16,,
201847,2018-11-24,2018-19,2.235,3.93,,
201848,2018-12-01,2018-19,2.146,3.91,,
201849,2018-12-08,2018-19,2.251,6.23,,
201850,2018-12-15,2018-19,2.641,10.36,,
201851,2018-12-22,2018-19,3.135,14.26,,
201852,2018-12-29,2018-19,3.965,16.35,,
201901,2019-01-05,2018-19,3.46,12.14,,
201902,2019-01-12,2018-19,3.076,12.72,,
201903,2019-01-19,2018-19,3.326,16.32,,
201904,2019-01-26,2018-19,3.798,19.39,,
201905,2019-02-02,2018-19,4.342,22.55,,
201906,2019-02-09,2018-19,4.87,25.13,,
201907,2019-02-16,2018-19,5.037,26.03,,
201908,2019-02-23,2018-19,4.881,26.24,,
201909,2019-03-02,2018-19,4.548,26.07,,
201910,2019-03-09,2018-19,4.376,25.61,,
201911,2019-03-16,2018-19,4.227,26.13,,
201912,2019-03-23,2018-19,3.683,22.48,,
201913,2019-03-30,2018-19,3.086,19.3,,
201914,2019-04-06,2018-19,2.698,14.94,,
201915,2019-04-13,2018-19,2.287,11.91,,
201916,2019-04-20,2018-19,2.012,8.61,,
201917,2019-04-27,2018-19,1.713,5.84,,
201918,2019-05-04,2018-19,1.567,4.82,,
201919,2019-05-11,2018-19,1.498,3.84,,
201920,2019-05-18,2018-19,1.5,3.54,,
201921,2019-05-25,2018-19,1.421,3.42,,
201922,2019-06-01,2018-19,1.393,3.08,,
201923,2019-06-08,2018-19,1.217,2.79,,
201924,2019-06-15,2018-19,1.113,2.32,,
201925,2019-06-22,2018-19,0.992,1.9,,
201926,2019-06-29,2018-19,0.946,2.08,,
201927,2019-07-06,2018-19,0.875,2.43,,
201928,2019-07-13,2018-19,0.809,2.02,,
201929,2019-07-20,2018-19,0.755,2.22,,
201930,2019-07-27,2018-19,0.733,2.38,,
201931,2019-08-03,2018-19,0.726,2.4,,
201932,2019-08-10,2018-19,0.754,2.05,,
201933,2019-08-17,2018-19,0.73,2.08,,
201934,2019-08-24,2018-19,0.84,2.36,,
201935,2019-08-31,2018-19,0.989,3.46,,
201936,2019-09-07,2018-19,1.135,3.1,,
201937,2019-09-14,2018-19,1.231,2.48,,
201938,2019-09-21,2018-19,1.244,2.76,,
201939,2019-09-28,2018-19,1.338,2.74,,
201940,2019-10-05,2019-20,1.49,1.31,,
201941,2019-10-12,2019-20,1.592,1.48,,
201942,2019-10-19,2019-20,1.726,1.55,,
201943,2019-10-26,2019-20,1.834,2.25,,
201944,2019-11-02,2019-20,2.04,3.06,,
201945,2019-11-09,2019-20,2.394,5.16,,
201946,2019-11-16,2019-20,2.633,6.76,,
201947,2019-11-23,2019-20,2.899,9.55,,
201948,2019-11-30,2019-20,3.415,10.94,,
201949,2019-12-07,2019-20,3.258,11.66,,
201950,2019-12-14,2019-20,3.943,16.15,,
201951,2019-12-21,2019-20,5.064,22.53,,
201952,2019-12-28,2019-20,7.062,26.93,,
202001,2020-01-04,2019-20,5.901,23.49,,
202002,2020-01-11,2019-20,4.94,23.12,,
202003,2020-01-18,2019-20,5.331,26.08,,
202004,2020-01-25,2019-20,6.078,28.28,,
202005,2020-02-01,2019-20,6.747,30.15,,
202006,2020-02-08,2019-20,6.802,30.26,,
202007,2020-02-15,2019-20,6.113,29.68,,
202008,2020-02-22,2019-20,5.525,28.32,,
202009,2020-02-29,2019-20,5.123,25.75,,
202010,2020-03-07,2019-20,5.267,22.49,,
202011,2020-03-14,2019-20,5.669,15.81,,
202012,2020-03-21,2019-20,6.38,7.5,,
202013,2020-03-28,2019-20,4.917,2.32,,
202014,2020-04-04,2019-20,3.786,1.03,,
202015,2020-04-11,2019-20,2.801,0.62,,
202016,2020-04-18,2019-20,2.129,0.62,,
202017,2020-04-25,2019-20,1.733,0.22,,
202018,2020-05-02,2019-20,1.409,0.26,,
202019,2020-05-09,2019-20,1.187,0.33,,
202020,2020-05-16,2019-20,1.114,0.31,,
202021,2020-05-23,2019-20,1.007,0.21,,
202022,2020-05-30,2019-20,0.89,0.17,,
202023,2020-06-06,2019-20,0.816,0.34,,
202024,2020-06-13,2019-20,0.838,0.28,,
202025,2020-06-20,2019-20,0.929,0.38,,
202026,2020-06-27,2019-20,1.139,0.28,,
202027,2020-07-04,2019-20,1.276,0.21,,
202028,2020-07-11,2019-20,1.35,0.17,,
202029,2020-07-18,2019-20,1.344,0.37,,
202030,2020-07-25,2019-20,1.221,0.15,,
202031,2020-08-01,2019-20,1.154,0.13,,
202032,2020-08-08,2019-20,1.065,0.17,0,0
202033,2020-08-15,2019-20,0.979,0.13,0,0
202034,2020-08-22,2019-20,0.968,0.22,0,0
202035,2020-08-29,2019-20,1.002,0.31,0,0
202036,2020-09-05,2019-20,0.917,0.2,0,0
202037,2020-09-12,2019-20,1.03,0.18,0,0
202038,2020-09-19,2019-20,0.976,0.4,0,0
202039,2020-09-26,2019-20,1.059,0.22,0,0
202040,2020-10-03,2020-21,1.087,0.33,0,0
202041,2020-10-10,2020-21,1.209,0.39,0,0
202042,2020-10-17,2020-21,1.109,0.35,4,0
202043,2020-10-24,2020-21,1.186,0.25,241,0.07
202044,2020-10-31,2020-21,1.25,0.2,470,0.14
202045,2020-11-07,2020-21,1.438,0.21,519,0.15
202046,2020-11-14,2020-21,1.484,0.22,648,0.19
202047,2020-11-21,2020-21,1.547,0.23,607,0.18
202048,2020-11-28,2020-21,1.607,0.16,684,0.2
202049,2020-12-05,2020-21,1.566,0.23,658,0.19
202050,2020-12-12,2020-21,1.521,0.24,640,0.19
202051,2020-12-19,2020-21,1.507,0.29,765,0.23
202052,2020-12-26,2020-21,1.554,0.28,750,0.22
202053,2021-01-02,2020-21,1.591,0.26,736,0.22
202101,2021-01-09,2020-21,1.476,0.27,595,0.18
202102,2021-01-16,2020-21,1.292,0.17,648,0.19
202103,2021-01-23,2020-21,1.252,0.21,715,0.21
202104,2021-01-30,2020-21,1.103,0.17,551,0.16
202105,2021-02-06,2020-21,1.166,0.2,505,0.15
202106,2021-02-13,2020-21,1.007,0.13,463,0.14
202107,2021-02-20,2020-21,0.987,0.13,480,0.14
202108,2021-02-27,2020-21,0.863,0.12,422,0.13
202109,2021-03-06,2020-21,0.829,0.09,436,0.13
202110,2021-03-13,2020-21,0.883,0.11,454,0.13
202111,2021-03-20,2020-21,0.909,0.13,376,0.11
202112,2021-03-27,2020-21,0.948,0.08,368,0.11
202113,2021-04-03,2020-21,0.975,0.07,383,0.11
202114,2021-04-10,2020-21,1.064,0.08,348,0.1
202115,2021-04-17,2020-21,1.082,0.07,370,0.11
202116,2021-04-24,2020-21,1.103,0.09,472,0.14
202117,2021-05-01,2020-21,1.132,0.08,451,0.13
202118,2021-05-08,2020-21,1.148,0.08,342,0.1
202119,2021-05-15,2020-21,1.191,0.1,274,0.08
202120,2021-05-22,2020-21,1.247,0.15,294,0.09
202121,2021-05-29,2020-21,1.146,0.15,247,0.07
202122,2021-06-05,2020-21,1.184,0.09,251,0.07
202123,2021-06-12,2020-21,1.13,0.1,231,0.07
202124,2021-06-19,2020-21,1.191,0.12,214,0.06
202125,2021-06-26,2020-21,1.213,0.13,203,0.06
202126,2021-07-03,2020-21,1.213,0.07,221,0.07
202127,2021-07-10,2020-21,1.267,0.06,243,0.07
202128,2021-07-17,2020-21,1.387,0.11,292,0.09
202129,2021-07-24,2020-21,1.648,0.06,263,0.08
202130,2021-07-31,2020-21,1.799,0.08,280,0.08
202131,2021-08-07,2020-21,1.949,0.11,349,0.1
202132,2021-08-14,2020-21,2.035,0.05,290,0.09
202133,2021-08-21,2020-21,2.19,0.07,280,0.08
202134,2021-08-28,2020-21,2.238,0.06,262,0.08
202135,2021-09-04,2020-21,2.267,0.09,281,0.08
202136,2021-09-11,2020-21,2.213,0.05,246,0.07
202137,2021-09-18,2020-21,2.047,0.06,261,0.08
202138,2021-09-25,2020-21,1.901,0.07,234,0.07
202139,2021-10-02,2020-21,1.845,0.12,253,0.07
202140,2021-10-09,2021-22,2.037,0.16,341,0.1
202141,2021-10-16,2021-22,1.949,0.12,266,0.08
202142,2021-10-23,2021-22,1.925,0.13,281,0.08
202143,2021-10-30,2021-22,1.979,0.25,263,0.08
202144,2021-11-06,2021-22,2.133,0.28,320,0.09
202145,2021-11-13,2021-22,2.258,0.55,338,0.1
202146,2021-11-20,2021-22,2.411,1,366,0.11
202147,2021-11-27,2021-22,2.518,1.84,475,0.14
202148,2021-12-04,2021-22,2.552,2.89,865,0.26
202149,2021-12-11,2021-22,2.725,4.05,1117,0.33
202150,2021-12-18,2021-22,3.146,6.23,1301,0.39
202151,2021-12-25,2021-22,4.007,5.77,1787,0.53
202152,2022-01-01,2021-22,4.905,4.21,2978,0.88
202201,2022-01-08,2021-22,4.329,2.44,2280,0.68
202202,2022-01-15,2021-22,3.534,2.06,1626,0.48
202203,2022-01-22,2021-22,2.82,2.12,1207,0.36
202204,2022-01-29,2021-22,2.066,2.03,964,0.29
202205,2022-02-05,2021-22,1.681,2.34,1089,0.32
202206,2022-02-12,2021-22,1.44,2.94,1157,0.34
202207,2022-02-19,2021-22,1.49,4.11,1490,0.44
202208,2022-02-26,2021-22,1.463,4.66,1603,0.47
202209,2022-03-05,2021-22,1.587,5.98,1785,0.53
202210,2022-03-12,2021-22,1.703,6.87,2085,0.62
202211,2022-03-19,2021-22,1.833,7.99,2610,0.77
202212,2022-03-26,2021-22,1.871,8.29,2898,0.86
202213,2022-04-02,2021-22,1.976,8.55,2998,0.89
202214,2022-04-09,2021-22,2.071,9.5,3128,0.93
202215,2022-04-16,2021-22,2.163,9.89,3289,0.97
202216,2022-04-23,2021-22,2.204,8.84,3446,1.02
202217,2022-04-30,2021-22,2.247,8.16,3174,0.94
202218,2022-05-07,2021-22,2.361,8.45,3162,0.94
202219,2022-05-14,2021-22,2.483,7.27,3112,0.92
202220,2022-05-21,2021-22,2.454,6,3116,0.92
202221,2022-05-28,2021-22,2.396,5.79,2728,0.81
202222,2022-06-04,2021-22,2.434,4.9,2674,0.79
202223,2022-06-11,2021-22,2.163,3.31,2201,0.65
202224,2022-06-18,2021-22,1.988,2.36,1774,0.53
202225,2022-06-25,2021-22,1.877,1.69,1365,0.4
202226,2022-07-02,2021-22,1.803,1.27,1073,0.32
202227,2022-07-09,2021-22,1.82,0.97,776,0.23
202228,2022-07-16,2021-22,1.679,0.79,765,0.23
202229,2022-07-23,2021-22,1.659,0.62,627,0.19
202230,2022-07-30,2021-22,1.671,0.52,520,0.15
202231,2022-08-06,2021-22,1.523,0.49,486,0.14
202232,2022-08-13,2021-22,1.508,0.48,489,0.14
202233,2022-08-20,2021-22,1.605,0.48,483,0.14
202234,2022-08-27,2021-22,1.838,0.59,482,0.14
202235,2022-09-03,2021-22,1.964,0.62,545,0.16
202236,2022-09-10,2021-22,2.024,0.75,576,0.17
202237,2022-09-17,2021-22,2.035,0.87,665,0.2
202238,2022-09-24,2021-22,2.284,1.25,795,0.24
202239,2022-10-01,2021-22,2.36,2.02,921,0.27
202240,2022-10-08,2022-23,2.613,2.67,1306,0.39
202241,2022-10-15,2022-23,3.008,3.46,1669,0.49
202242,2022-10-22,2022-23,3.32,5.44,2269,0.67
202243,2022-10-29,2022-23,4.368,8.38,4176,1.24
202244,2022-11-05,2022-23,5.421,12.8,6396,1.9
202245,2022-11-12,2022-23,5.735,14.94,8566,2.54
202246,2022-11-19,2022-23,5.918,18.34,10923,3.24
202247,2022-11-26,2022-23,7.425,25.81,18136,5.37
202248,2022-12-03,2022-23,7.218,25.55,26795,7.94
202249,2022-12-10,2022-23,6.87,26.27,23974,7.1
202250,2022-12-17,2022-23,6.298,24.47,21553,6.39
202251,2022-12-24,2022-23,6.003,20.78,19586,5.8
202252,2022-12-31,2022-23,5.338,14.9,19437,5.76
202301,2023-01-07,2022-23,3.935,8.61,14052,4.16
202302,2023-01-14,2022-23,2.946,4.59,7172,2.13
202303,2023-01-21,2022-23,2.638,2.94,4482,1.33
202304,2023-01-28,2022-23,2.625,2.12,3087,0.91
202305,2023-02-04,2022-23,2.585,1.67,2588,0.77
202306,2023-02-11,2022-23,2.591,1.37,2170,0.64
202307,2023-02-18,2022-23,2.57,1.08,1902,0.56
202308,2023-02-25,2022-23,2.527,1.02,1645,0.49
202309,2023-03-04,2022-23,2.405,0.92,1500,0.44
202310,2023-03-11,2022-23,2.357,1.04,1369,0.41
202311,2023-03-18,2022-23,2.355,0.89,1410,0.42
202312,2023-03-25,2022-23,2.311,0.95,1328,0.39
202313,2023-04-01,2022-23,2.258,0.96,1290,0.38
202314,2023-04-08,2022-23,2.13,1.06,1196,0.35
202315,2023-04-15,2022-23,2.01,1.01,1077,0.32
202316,2023-04-22,2022-23,1.908,0.84,980,0.29
202317,2023-04-29,2022-23,1.904,0.95,902,0.27
202318,2023-05-06,2022-23,1.936,0.94,989,0.29
202319,2023-05-13,2022-23,1.908,1.02,978,0.29
202320,2023-05-20,2022-23,1.882,1.18,1115,0.33
202321,2023-05-27,2022-23,1.833,1.19,973,0.29
202322,2023-06-03,2022-23,1.839,1.31,939,0.28
202323,2023-06-10,2022-23,1.577,1.09,933,0.28
202324,2023-06-17,2022-23,1.486,1.11,873,0.26
202325,2023-06-24,2022-23,1.365,0.95,813,0.24
202326,2023-07-01,2022-23,1.271,1.1,836,0.25
202327,2023-07-08,2022-23,1.226,1.21,697,0.21
202328,2023-07-15,2022-23,1.158,1,736,0.22
202329,2023-07-22,2022-23,1.127,1,644,0.19
202330,2023-07-29,2022-23,1.168,0.99,767,0.23
202331,2023-08-05,2022-23,1.203,1.06,687,0.2
202332,2023-08-12,2022-23,1.274,0.86,703,0.21
202333,2023-08-19,2022-23,1.448,0.9,737,0.22
202334,2023-08-26,2022-23,1.704,0.77,791,0.23
202335,2023-09-02,2022-23,1.933,0.72,873,0.26
202336,2023-09-09,2022-23,2.002,0.7,803,0.24
202337,2023-09-16,2022-23,1.94,0.79,818,0.24
202338,2023-09-23,2022-23,2.038,0.92,878,0.26
202339,2023-09-30,2022-23,2.09,0.93,1022,0.3
202340,2023-10-07,2023-24,2.279,1.1,1105,0.33
202341,2023-10-14,2023-24,2.338,1.35,1214,0.36
202342,2023-10-21,2023-24,2.522,1.51,1460,0.43
202343,2023-10-28,2023-24,2.713,1.81,1613,0.48
202344,2023-11-04,2023-24,2.945,2.62,2010,0.6
202345,2023-11-11,2023-24,3.41,3.96,2775,0.82
202346,2023-11-18,2023-24,3.69,4.87,3490,1.03
202347,2023-11-25,2023-24,3.93,5.92,4379,1.3
202348,2023-12-02,2023-24,4.033,6.97,5946,1.76
202349,2023-12-09,2023-24,4.384,9.8,7469,2.21
202350,2023-12-16,2023-24,5.184,13.39,10265,3.04
202351,2023-12-23,2023-24,6.232,17.32,15709,4.65
202352,2023-12-30,2023-24,6.796,18.16,21662,6.42
202401,2024-01-06,2023-24,5.715,13.8,19497,5.78
202402,2024-01-13,2023-24,4.666,13.87,15882,4.71
202403,2024-01-20,2023-24,4.324,14.91,13287,3.94
202404,2024-01-27,2023-24,4.23,16.13,12976,3.84
202405,2024-02-03,2023-24,4.421,16.31,11945,3.54
202406,2024-02-10,2023-24,4.457,15.85,11618,3.44
202407,2024-02-17,2023-24,4.355,15.57,11106,3.29
202408,2024-02-24,2023-24,4.335,15.52,10844,3.21
202409,2024-03-02,2023-24,4.059,14.95,10786,3.2
202410,2024-03-09,2023-24,3.728,14.23,9405,2.79
202411,2024-03-16,2023-24,3.397,11.92,7316,2.17
202412,2024-03-23,2023-24,3.085,10.36,6035,1.79
202413,2024-03-30,2023-24,2.977,9.15,5568,1.65
202414,2024-04-06,2023-24,2.766,7.54,5062,1.5
202415,2024-04-13,2023-24,2.538,5.79,4068,1.21
202416,2024-04-20,2023-24,2.247,4.76,2936,0.87
202417,2024-04-27,2023-24,2.191,3.8,2413,0.71
202418,2024-05-04,2023-24,2.099,3.2,1484,0.44
202419,2024-05-11,2023-24,2.005,2.33,852,0.25
202420,2024-05-18,2023-24,1.977,1.82,681,0.2
202421,2024-05-25,2023-24,1.907,1.64,610,0.18
202422,2024-06-01,2023-24,1.877,1.64,590,0.17
202423,2024-06-08,2023-24,1.661,1.48,511,0.15
202424,2024-06-15,2023-24,1.582,1.28,517,0.15
202425,2024-06-22,2023-24,1.492,1.05,441,0.13
202426,2024-06-29,2023-24,1.466,0.89,356,0.11
202427,2024-07-06,2023-24,1.376,0.99,341,0.1
202428,2024-07-13,2023-24,1.455,0.83,367,0.11
202429,2024-07-20,2023-24,1.452,0.69,324,0.1
202430,2024-07-27,2023-24,1.522,0.6,273,0.08
202431,2024-08-03,2023-24,1.535,0.56,275,0.08
202432,2024-08-10,2023-24,1.54,0.49,275,0.08
202433,2024-08-17,2023-24,1.566,0.45,273,0.08
202434,2024-08-24,2023-24,1.77,0.44,274,0.08
202435,2024-08-31,2023-24,1.934,0.42,259,0.08
202436,2024-09-07,2023-24,1.92,0.44,223,0.07
202437,2024-09-14,2023-24,1.955,0.48,319,0.09
202438,2024-09-21,2023-24,1.953,0.53,293,0.09
202439,2024-09-28,2023-24,1.935,0.53,223,0.07
202440,2024-10-05,2024-25,1.905,0.67,286,0.08
202441,2024-10-12,2024-25,2.02,0.67,295,0.09
202442,2024-10-19,2024-25,2.07,0.73,556,0.16
202443,2024-10-26,2024-25,2.22,0.96,1087,0.32
202444,2024-11-02,2024-25,2.317,1.22,1016,0.3
202445,2024-11-09,2024-25,2.472,1.53,2176,0.64
202446,2024-11-16,2024-25,2.692,2.11,2611,0.77
202447,2024-11-23,2024-25,2.889,2.83,3278,0.97
202448,2024-11-30,2024-25,3.183,3.95,4436,1.31
202449,2024-12-07,2024-25,3.318,5.15,6514,1.93
202450,2024-12-14,2024-25,3.788,8.59,9588,2.84
202451,2024-12-21,2024-25,4.945,14.18,16115,4.77
202452,2024-12-28,2024-25,6.743,18.23,28640,8.49
202501,2025-01-04,2024-25,6.254,18.22,39626,11.74
202502,2025-01-11,2024-25,5.305,18.4,31828,9.43
202503,2025-01-18,2024-25,5.746,23.82,33676,9.98
202504,2025-01-25,2024-25,6.987,28.75,41400,12.27
202505,2025-02-01,2024-25,7.799,31.65,52520,15.56
202506,2025-02-08,2024-25,7.844,31.41,55551,16.46
202507,2025-02-15,2024-25,6.937,27.84,47793,14.16
202508,2025-02-22,2024-25,5.901,23.94,39310,11.65
202509,2025-03-01,2024-25,4.874,19.48,31906,9.45
202510,2025-03-08,2024-25,4.267,15.86,24679,7.31
202511,2025-03-15,2024-25,3.81,13.31,18840,5.58
202512,2025-03-22,2024-25,3.252,10.73,14029,4.16
202513,2025-03-29,2024-25,2.9,9.23,9960,2.95
202514,2025-04-05,2024-25,2.561,7.58,6980,2.07
202515,2025-04-12,2024-25,2.411,6.17,5057,1.5
202516,2025-04-19,2024-25,2.27,5.28,3966,1.18
202517,2025-04-26,2024-25,2.167,4.42,3309,0.98
202518,2025-05-03,2024-25,2,3.34,2541,0.75
202519,2025-05-10,2024-25,1.897,2.62,2182,0.65
202520,2025-05-17,2024-25,1.864,2.14,1898,0.56
202521,2025-05-24,2024-25,1.816,1.92,1744,0.52
202522,2025-05-31,2024-25,1.826,1.86,1850,0.55
202523,2025-06-07,2024-25,1.604,1.6,1534,0.45
202524,2025-06-14,2024-25,1.405,1.2,1518,0.45
202525,2025-06-21,2024-25,1.32,1.04,1362,0.4
202526,2025-06-28,2024-25,1.18,0.85,1155,0.34
202527,2025-07-05,2024-25,1.108,0.8,1001,0.3
202528,2025-07-12,2024-25,1.156,0.78,970,0.29
202529,2025-07-19,2024-25,1.057,0.54,862,0.26
202530,2025-07-26,2024-25,1.032,0.41,892,0.26
202531,2025-08-02,2024-25,1.058,0.44,798,0.24
202532,2025-08-09,2024-25,1.15,0.38,762,0.23
202533,2025-08-16,2024-25,1.214,0.35,771,0.23
202534,2025-08-23,2024-25,1.458,0.39,801,0.24
202535,2025-08-30,2024-25,1.791,0.4,911,0.27
202536,2025-09-06,2024-25,1.803,0.39,979,0.29
202537,2025-09-13,2024-25,1.754,0.45,1012,0.3
202538,2025-09-20,2024-25,1.721,0.46,904,0.27
202539,2025-09-27,2024-25,1.682,0.64,1024,0.3
202540,2025-10-04,2025-26,1.612,0.52,976,0.29
202541,2025-10-11,2025-26,1.636,0.53,1018,0.3
202542,2025-10-18,2025-26,1.699,0.64,1122,0.33
202543,2025-10-25,2025-26,1.74,0.79,1198,0.35
202544,2025-11-01,2025-26,1.826,1.09,1358,0.4
202545,2025-11-08,2025-26,2.122,1.91,1786,0.53
202546,2025-11-15,2025-26,2.263,3.26,2484,0.74
202547,2025-11-22,2025-26,2.525,5.48,3581,1.06
202548,2025-11-29,2025-26,2.968,8.02,5221,1.55
202549,2025-12-06,2025-26,3.285,8.99,7450,2.21
202550,2025-12-13,2025-26,4.119,15.46,11137,3.3
202551,2025-12-20,2025-26,6.005,25.58,21057,6.24
202552,2025-12-27,2025-26,8.299,31.7,37505,11.11
202553,2026-01-03,2025-26,7.168,24.69,42505,12.59
202601,2026-01-10,2025-26,5.295,18.6,29912,8.86
202602,2026-01-17,2025-26,4.383,17.03,19735,5.85
202603,2026-01-24,2025-26,4.724,17.52,16819,4.98
202604,2026-01-31,2025-26,4.427,17.41,15742,4.66
202605,2026-02-07,2025-26,4.613,18.04,16128,4.78
202606,2026-02-14,2025-26,4.573,18.32,16473,4.88
202607,2026-02-21,2025-26,4.422,18.02,14738,4.37
202608,2026-02-28,2025-26,3.875,15.67,11179,3.31
202609,2026-03-07,2025-26,3.707,15.34,9603,2.85
202610,2026-03-14,2025-26,3.267,13.82,7802,2.31
202611,2026-03-21,2025-26,2.901,11.21,6094,1.81
202612,2026-03-28,2025-26,2.65,9.62,3339,0.99
202613,2026-04-04,2025-26,2.373,7.77,2912,0.86
202614,2026-04-11,2025-26,2.096,5.91,2242,0.66
202615,2026-04-18,2025-26,1.884,4.53,1949,0.58
202616,2026-04-25,2025-26,1.822,3.41,1884,0.56
202617,2026-05-02,2025-26,1.76,2.97,1650,0.49
202618,2026-05-09,2025-26,1.765,2.48,1483,0.44
202619,2026-05-16,2025-26,1.742,1.91,1319,0.39
202620,2026-05-23,2025-26,1.585,1.54,1260,0.37
202621,2026-05-30,2025-26,1.568,1.31,1072,0.32
202622,2026-06-06,2025-26,1.393,0.91,1045,0.31
202623,2026-06-13,2025-26,1.236,0.79,871,0.26
202624,2026-06-20,2025-26,1.126,0.64,794,0.24
202625,2026-06-27,2025-26,1.044,0.48,751,0.22
202626,2026-07-04,2025-26,0.998,0.55,734,0.22
202627,2026-07-11,2025-26,0.941,0.76,751,0.22
202628,2026-07-18,2025-26,0.903,0.54,666,0.2
202629,2026-07-25,2025-26,0.871,0.45,696,0.21
202630,2026-08-01,2025-26,0.867,0.43,657,0.19
202631,2026-08-08,2025-26,0.873,0.49,632,0.19
202632,2026-08-15,2025-26,0.954,0.67,695,0.21
202633,2026-08-22,2025-26,1.132,0.8,874,0.26
202634,2026-08-29,2025-26,1.356,1.01,919,0.27
202635,2026-09-05,2025-26,1.53,1.48,1241,0.37
202636,2026-09-12,2025-26,1.589,1.76,1537,0.46
202637,2026-09-19,2025-26,1.646,2.6,2044,0.61
202638,2026-09-26,2025-26,1.742,3.43,2572,0.76
