season,peak_weighted_ili_pct,peak_week_index,flusurv_cum_rate_oct_apr,est_illnesses,est_hospitalizations,est_deaths,pediatric_deaths,vaccine_effectiveness_pct,adult_coverage_pct,child_coverage_pct
2010-11,4.552,17,21.7,23000000,310000,38000,124,60,40.5,51
2011-12,2.389,23,8.6,9400000,140000,13000,37,47,38.8,51.5
2012-13,6.061,12,44,34000000,580000,43000,171,49,41.5,56.6
2013-14,4.591,12,35.2,30000000,350000,38000,111,52,42.2,58.9
2014-15,5.982,12,64,30000000,590000,51000,148,19,43.6,59.3
2015-16,3.56,22,31.5,24000000,280000,22000,95,48,41.7,59.3
2016-17,5.061,18,62,29000000,500000,38000,110,40,43.3,59
2017-18,7.521,17,102.7,41000000,710000,52000,188,38,37.1,57.8
2018-19,5.037,19,63.5,29000000,400000,32000,145,29,45.3,62.5
2019-20,7.062,12,65.9,34000000,380000,26000,199,39,48.4,63.7
2020-21,2.267,48,,,,,1,,50.2,58.6
2021-22,4.905,12,13.3,11000000,120000,6300,49,36,49.4,57.8
2022-23,7.425,7,62.3,29000000,340000,25000,187,30,46.9,57.4
2023-24,6.796,12,79.6,37000000,430000,26000,210,44,,55.4
2024-25,7.844,18,127.2,51000000,710000,45000,297,56,41.9,50.2
2025-26,8.299,12,86.9,32000000,390000,24000,195,36,,
