state,abbr,week_ending,ari_activity_level,ili_pct,lab_percent_positive,nhsn_flu_admissions,nhsn_admissions_per_100k
Alabama,AL,2026-10-03,Low,2.011,25,52,1.02
Alaska,AK,2026-10-03,Very Low,0,0,22,3.09
Arizona,AZ,2026-10-03,Very Low,1.768,3.87,59,0.8
Arkansas,AR,2026-10-03,Very Low,1.055,2.35,17,0.55
California,CA,2026-10-03,Very Low,2.774,11.72,469,1.21
Colorado,CO,2026-10-03,Very Low,1.911,4.49,37,0.63
Connecticut,CT,2026-10-03,Very Low,1.421,0.32,20,0.55
Delaware,DE,2026-10-03,Very Low,0.557,0,9,0.88
District of Columbia,DC,2026-10-03,Very Low,2.491,0,3,0.44
Florida,FL,2026-10-03,Very Low,2.812,2.21,570,2.53
Georgia,GA,2026-10-03,Very Low,2.112,5.11,52,0.47
Hawaii,HI,2026-10-03,Low,2.258,0.52,64,4.59
Idaho,ID,2026-10-03,Very Low,1.729,7.04,15,0.76
Illinois,IL,2026-10-03,Very Low,0.906,0,67,0.53
Indiana,IN,2026-10-03,Very Low,1.423,0.41,59,0.86
Iowa,IA,2026-10-03,Data Unavailable,0.336,1.29,18,0.56
Kansas,KS,2026-10-03,Very Low,0.832,2.06,14,0.48
Kentucky,KY,2026-10-03,Very Low,0.762,0.17,49,1.09
Louisiana,LA,2026-10-03,Very Low,3.007,20.3,101,2.22
Maine,ME,2026-10-03,Very Low,0.677,4.56,14,1
Maryland,MD,2026-10-03,Very Low,1.366,1.79,18,0.29
Massachusetts,MA,2026-10-03,Very Low,1.393,2.32,21,0.3
Michigan,MI,2026-10-03,Very Low,1.084,1.56,41,0.41
Minnesota,MN,2026-10-03,Very Low,1.007,2.36,28,0.49
Mississippi,MS,2026-10-03,Very Low,2.103,2.5,23,0.79
Missouri,MO,2026-10-03,Very Low,0.98,1.47,34,0.55
Montana,MT,2026-10-03,Very Low,0.548,7.99,15,1.33
Nebraska,NE,2026-10-03,Low,1.133,6.31,17,0.86
Nevada,NV,2026-10-03,Very Low,1.651,47.06,42,1.32
New Hampshire,NH,2026-10-03,Low,1.011,0,10,0.71
New Jersey,NJ,2026-10-03,Very Low,3.111,0.83,70,0.75
New Mexico,NM,2026-10-03,Very Low,1.868,1.69,9,0.43
New York,NY,2026-10-03,Very Low,2.381,,146,0.75
North Carolina,NC,2026-10-03,Very Low,1.563,1.95,78,0.73
North Dakota,ND,2026-10-03,Very Low,0.436,3.43,4,0.51
Ohio,OH,2026-10-03,Low,1.862,2.41,74,0.63
Oklahoma,OK,2026-10-03,Very Low,0.621,0,24,0.59
Oregon,OR,2026-10-03,Very Low,1.22,0.16,35,0.83
Pennsylvania,PA,2026-10-03,Very Low,1.087,1.93,158,1.22
Rhode Island,RI,2026-10-03,Very Low,1.54,,7,0.64
South Carolina,SC,2026-10-03,Very Low,2.699,3.74,36,0.67
South Dakota,SD,2026-10-03,Low,0.609,0,8,0.87
Tennessee,TN,2026-10-03,Very Low,2.106,0,72,1.01
Texas,TX,2026-10-03,Very Low,1.626,4.42,333,1.1
Utah,UT,2026-10-03,Very Low,0.183,0,24,0.7
Vermont,VT,2026-10-03,Very Low,1.059,2.29,1,0.15
Virginia,VA,2026-10-03,Very Low,2.03,6.96,38,0.44
Washington,WA,2026-10-03,Very Low,1.856,8.52,132,1.7
West Virginia,WV,2026-10-03,Very Low,2.446,1.56,6,0.34
Wisconsin,WI,2026-10-03,Very Low,0.954,2.54,32,0.54
Wyoming,WY,2026-10-03,Low,1.91,5,6,1.03
American Samoa,AS,2026-10-03,Data Unavailable,,,0,0
Guam,GU,2026-10-03,Data Unavailable,,,4,2.6
Northern Mariana Islands,MP,2026-10-03,Data Unavailable,,,2,4.23
Puerto Rico,PR,2026-10-03,Data Unavailable,4.089,0,81,2.47
U.S. Virgin Islands,VI,2026-10-03,Data Unavailable,1.586,,0,0
